Insurer,FY,Value_CSR,Count_Value_Gap,Repudiation_Rate,Pending_Rate,Unclaimed_Ratio,Value_Reliability_Score,Count_Value_Consistency_Score,Outcome_Reliability_Score,CRI
Bharti Axa,2020-21,98.54726011123608,0.5018682564342924,0.9508716323296356,0.0,0.0,0.987465476725122,0.9746193628731922,0.9957203036309229,98.59350477430789
Bandhan,2020-21,98.64110201042443,0.6107683137650923,0.7481296758104738,0.0,0.0,0.9884057934382829,0.9691120353967762,0.9967354778081967,98.47511022144185
Sahara,2020-21,97.47299188271695,-0.2978506397791136,1.807909604519774,0.2259887005649717,0.0,0.9767010700109434,0.9849370050619829,0.9891690364233251,98.36023704987505
Pramerica Life,2020-21,97.009784836753,1.5991796145607395,1.2364760432766615,0.1545595054095827,0.0,0.9720596323296833,0.919125792521471,0.9927446236161863,96.13100161557803
Aviva,2020-21,95.23900045420552,2.770478218780255,1.990521327014218,0.0,0.0,0.954315978751533,0.8598905162120114,0.9905145458214649,93.49070135950032
Kotak Mahindra,2020-21,95.47123605020838,3.0294454581969035,1.1358473421172195,0.3634711494775102,0.0,0.9566430311044918,0.8467939446574292,0.9911593775172142,93.15321177597117
Reliance Nippon,2020-21,95.03142301224209,3.460505619873473,1.465590484282073,0.0424808836023789,0.0,0.9522360065894004,0.8249942364609645,0.9927181827474603,92.33161419326085
Axis Max Life,2020-21,95.4190928617718,3.932592755622963,0.6433273488928786,0.0049870337123478,0.0,0.9561205447525691,0.8011196994065162,0.9972103760874544,91.81502067488466
Star Union,2020-21,92.7912674368264,3.17203531546717,3.547400611620795,0.4892966360856269,0.0,0.9297891492062587,0.8395828461690478,0.9778259377789335,91.57326443847467
PNB Met Life,2020-21,93.92487828057511,4.250098201080576,1.8250235183443089,0.0,0.0,0.9411481821309646,0.7850627155394757,0.9913432302469367,90.5851375972459
Canara HSBC,2020-21,92.60570128842072,4.498037521479205,1.579778830963665,1.3164823591363874,0.0,0.9279297351039018,0.772523851325957,0.9794064014821834,89.32866626373475
Aditya Birla Sun Life,2020-21,93.1482060080699,4.890101066381746,1.791782514674081,0.1699104108742663,0.0,0.9333657531221534,0.7526962921284087,0.9898105712545974,89.19575388350532
Exide Life,2020-21,93.28209839128556,5.253135179577456,0.217735550277118,1.2470308788598574,0.0,0.9347073845979821,0.7343368183550776,0.9869209706566329,88.53217245365641
India First,2020-21,91.16357585853738,5.649574091143919,2.683663200268366,0.5031868500503187,0.0,0.9134793173702199,0.7142879867575119,0.9820119614267492,86.99264218514938
Bajaj Allianz,2020-21,91.9694009111264,6.509633485022363,1.4860810716528292,0.0348845321984232,0.0,0.9215538637230427,0.6707927963292066,0.9926915453221921,86.16794017914805
LIC,2020-21,95.7616038238524,2.856418174593188,0.6896690095630723,0.18215878755111,1.237821467715309,0.959552580813975,0.8555443341109972,0.7307837545044533,84.86268898098085
ICICI Prudential,2020-21,89.20369119588128,8.699066913229245,1.94888394362398,0.1078966889203587,0.0087536852873393,0.8938408369035742,0.5600680899103674,0.9877741083095094,81.38943450411503
Edelweiss Life,2020-21,87.98049160316656,9.031460588068512,2.589641434262948,0.398406374501992,0.0,0.8815841047774183,0.543258173889217,0.9835305541266179,80.27909442644177
Future Generali,2020-21,86.24359784769774,8.617739835825901,4.486133768352365,0.6525285481239804,0.0052800003305521,0.8641800428245143,0.5641809880936943,0.9703652611758026,79.95754306980038
Tata AIA,2020-21,87.56612303918878,10.454531005561648,1.93631669535284,0.0430292598967297,0.0,0.8774320395540285,0.4712902153478562,0.9903556678980587,77.96926409333146
SBI Life,2020-21,86.22029039260676,6.871266929348892,3.804903708466057,2.665186007773459,1.1126727922102049,0.8639464969377318,0.6525041576163675,0.717089010979033,74.45132218443774
Ageas Federal,2020-21,83.62747288786161,11.44177918970071,2.1052631578947367,2.7700831024930745,0.0,0.8379658885423851,0.421362793968867,0.9622391768678149,74.05226197930223
Shriram,2020-21,77.4759361809159,17.640721442524153,3.716766142159523,0.2984264785675529,0.0,0.7763261217943326,0.10786796365865897,0.9788865883829431,62.10268912786449
HDFC Life,2020-21,80.06174672818857,17.95309775814509,0.4948162111215834,1.048539114043355,0.2418673769002328,0.802236518916498,0.09207037173659996,0.9358508842094068,61.00525916208349
Aviva,2021-22,98.43146397374754,-0.046296509632711,1.6148325358851676,0.0,0.0,0.986305173658563,0.9976586785552566,0.99239570335784,99.211985185722
Bandhan,2021-22,98.75578703703704,0.2719907407407476,0.8333333333333334,0.1388888888888889,0.0,0.9895549629266017,0.9862447998970096,0.994919955210077,99.02399060112295
Sahara,2021-22,97.08761871040392,-0.003570682959662,1.37221269296741,0.2572898799313894,0.0,0.9728395450645814,0.9998194223138599,0.9910376562037061,98.78988745273824
Pramerica Life,2021-22,96.79723264994998,1.5062546262045942,1.5080113100848256,0.1885014137606032,0.0,0.9699298121171933,0.9238252238547794,0.991045566913431,96.16002009618012
Aditya Birla Sun Life,2021-22,96.15043110085452,1.921111664932852,1.8585131894484408,0.0699440447641886,0.0,0.9634487166579877,0.9028449450177127,0.9904760995496099,95.22565870751035
Canara HSBC,2021-22,96.42261991907614,2.013213710500821,1.457518663348738,0.1066477070742979,0.0,0.9661761091886484,0.8981871318023367,0.9921169319197535,95.21600576369129
Axis Max Life,2021-22,96.70872252143576,2.63073293208447,0.6605445464797809,0.0,0.0,0.9690429209327034,0.8669577581950114,0.9971740360777147,94.43915717351432
Bharti Axa,2021-22,96.35936008460656,2.7352387290056868,0.8429597252575711,0.0624414611301904,0.0,0.96554223156961,0.8616726586189785,0.9956362279971112,94.09503727285666
ICICI Prudential,2021-22,95.49256991616524,2.32619943889064,1.7862753018266686,0.3590503119249584,0.0248388682626473,0.9568568011889539,0.8823587204687108,0.9826406803040416,94.06187339872355
Exide Life,2021-22,96.2937590529682,2.7995229912686312,0.0961670559142739,0.8105508998488803,0.0,0.9648848946339377,0.8584216549690317,0.9918944910015113,93.84003468681603
Edelweiss Life,2021-22,95.12050265264682,2.969949608659718,1.9095477386934676,0.0,0.0,0.9531286044097708,0.8498027872138068,0.990919998631114,93.1283796751564
Kotak Mahindra,2021-22,95.52763424138234,3.294740635948372,0.8411608019066312,0.3364643207626525,0.0,0.9572081535307386,0.8333773546426679,0.9929050070110718,92.78301717281595
Tata AIA,2021-22,94.6532986342661,3.871921343426308,1.4499938034452844,0.0247862188623125,0.0,0.9484471161754204,0.8041879928823278,0.9929732254530649,91.52027781702711
SBI Life,2021-22,94.54950814404128,2.499930783288164,2.762341806187933,0.0645323199369017,0.365732580961817,0.9474071123661446,0.8735727250343027,0.9078769171924616,90.96189181976364
Reliance Nippon,2021-22,95.39305609390524,3.2813794487021823,1.2672978878368537,0.021849963583394,0.4425008929748447,0.9558596505444024,0.8340530607482667,0.8993905469478717,89.64344194135136
PNB Met Life,2021-22,93.34617263695694,3.986694821696688,2.608898206382483,0.0232937339855578,0.2827445882452808,0.935349422798499,0.7983836329404205,0.926785486764515,88.68395141678114
Bajaj Allianz,2021-22,93.45067104935416,5.570706622854871,0.9263657957244656,0.0522565320665083,0.0,0.9363965201454812,0.7182764968258238,0.9953204444976755,88.33311538229935
India First,2021-22,91.09613596216828,5.825071248688502,2.896495847680778,0.1822969414624265,0.0,0.9128035546007299,0.7054126900729357,0.984155159996349,86.74571348900048
Star Union,2021-22,91.41005806791436,6.014543761973826,2.507624534056252,0.0677736360555743,0.0,0.9159491239595859,0.6958306273631601,0.9872475584159487,86.63424365795649
Ageas Federal,2021-22,91.01766691079216,6.012771099601309,2.1158129175946545,0.8537490720118782,0.0,0.9120172772436749,0.6959202749944825,0.9813496921737578,86.3095748137305
Future Generali,2021-22,89.5955946603604,6.558251493485756,3.8461538461538463,0.0,0.0,0.897767796830672,0.6683340713255482,0.9812229800879454,84.91082827480552
LIC,2021-22,96.02006092095284,2.7189523508977373,0.6373326389213988,0.1669221946538083,1.560406518244514,0.9621423784431856,0.8624962983841327,0.6622877079940442,82.89754616071208
HDFC Life,2021-22,89.37639703714325,9.28151904574149,0.5014379470540521,0.0848020057517882,0.1938266955628021,0.8955713878664571,0.5306121400081759,0.9557175273619986,79.39670184122105
Shriram,2021-22,82.3939724752578,13.428704421587897,2.7791986359761296,0.0682011935208866,0.0,0.8256059399086271,0.32087939486544176,0.9858834507659879,71.07895951800188
Bandhan,2022-23,99.36555542738492,0.0015331802100035,0.6329113924050633,0.0,0.0,0.9956649778939091,0.9999224635348795,0.9973124014409325,99.76332809565737
Aviva,2022-23,98.7418050605857,0.0128649269609866,1.2453300124533,0.0,0.0,0.9894148604110524,0.9993493909234675,0.9942458848726371,99.43367120690525
Bharti Axa,2022-23,98.08922225114829,1.0128571439367988,0.8979206049149339,0.0,0.0,0.982875835436676,0.948777474363094,0.9959854412305319,97.58795836767673
Pramerica Life,2022-23,97.50307518481311,1.301705691680894,1.0624169986719787,0.0,0.0,0.9770025113925944,0.9341697360156137,0.9951617711127927,96.87780061736669
Sahara,2022-23,96.49054370585004,1.3785582728409906,1.06544901065449,0.45662100456621,0.0,0.9668567206476778,0.9302831234441362,0.990580379107152,96.25734077329886
HDFC Life,2022-23,96.50757482622612,2.8830163572799705,0.5866271784941337,0.0227816379997721,0.0,0.9670273762639003,0.8541992025663123,0.9973163404389753,93.95143064230625
Canara HSBC,2022-23,96.09420391399334,2.9147625796357346,0.8966493629070316,0.094384143463898,0.0,0.9628853077330097,0.8525937227627414,0.9950479651880478,93.68423318945996
Star Union,2022-23,93.51452391373432,2.5541361084140703,3.765227021040975,0.1661129568106312,0.0,0.9370363400561946,0.8708314365193927,0.9799670691756804,92.92782819170893
PNB Met Life,2022-23,95.76558774343086,3.2895898831753385,0.90702947845805,0.018896447467876,0.0063288025788551,0.9595925005747206,0.8336378401094936,0.9943989106561996,92.92097504468046
SBI Life,2022-23,94.94240810469408,2.1060524330335824,2.72929314830876,0.0948612315698178,0.5348953377430156,0.95134405740666,0.8934920631310052,0.8716026386263301,90.54795863879984
Kotak Mahindra,2022-23,93.8832121750646,4.362806749468064,1.500115393491807,0.2538656819755366,0.0,0.9407306784814996,0.7793627838720768,0.9904314608460445,90.3508307733207
Tata AIA,2022-23,94.52294757614902,4.490751053987964,0.9680365296803652,0.0,0.0365094704441055,0.9471409695651554,0.7728923448199377,0.987835218630902,90.2622844338665
Axis Max Life,2022-23,94.64253650973792,4.8691375326854,0.4883259575766824,0.0,0.0,0.9483392772926774,0.7537564664566733,0.9980363729482007,90.00440388991836
Bajaj Allianz,2022-23,94.2527997543058,4.786033944571756,0.9353631789446524,0.0258031221777835,0.0,0.9444340282724034,0.7579592068906547,0.9955399266928276,89.9311053951962
India First,2022-23,92.16765641779875,4.8771481579876905,2.6374324753733718,0.3177629488401652,0.0,0.9235404280190832,0.7533513506292632,0.9840976879854632,88.69964888779366
Edelweiss Life,2022-23,93.60830177329404,5.591698226705972,0.8,0.0,0.0,0.9379760150780255,0.7172149029249865,0.9964757515305772,88.38888898445298
Reliance Nippon,2022-23,93.06848932945256,5.515823948318882,1.3928530654184268,0.011416828405069,0.045977452727773,0.932566974262498,0.7210520404651912,0.9835713531552238,87.9063455960971
ICICI Prudential,2022-23,91.00741189818564,4.269222442147864,4.451266308518802,0.1395381287936928,0.1755403876881075,0.9119145197352378,0.7840955584885336,0.9392988077198546,87.8436295314542
Aditya Birla Sun Life,2022-23,92.2261629845586,5.889136350252926,1.88470066518847,0.0,0.0,0.9241266768378921,0.7021727698858107,0.9910444134677672,87.24479533971567
Ageas Federal,2022-23,90.47651330854758,5.578850013251724,3.1141868512110724,0.8304498269896194,0.0,0.906594797722491,0.7178646667608722,0.9765836037525532,86.70143560786387
LIC,2022-23,95.18896005356062,3.332955308174874,0.867809504807489,0.0731939792259221,0.9950521610771728,0.953814562801231,0.8314447503859416,0.7828416826856627,85.6033665290945
Future Generali,2022-23,79.9377959898491,15.1026898401104,4.959514170040486,0.0,0.0,0.8009945049347126,0.2362220850667499,0.9756481367244104,67.09549089086244
Shriram,2022-23,77.6282819467435,19.773666591852542,2.1483887084686484,0.1249063202598051,0.0,0.7778526602704933,0.0,0.9884750054436542,58.87758885713824
Aviva,2023-24,99.245567710298,-0.2672790768369424,1.0217113665389528,0.0,0.0,0.9944626742669929,0.9864830796253503,0.9953655932881359,99.2103782393493
ICICI Prudential,2023-24,98.75473300245513,0.4170484069954483,0.7986393551726688,0.0221844265325741,0.0633991874946327,0.9895444012655293,0.9789088986072372,0.982717414613825,98.37235714955305
Edelweiss Life,2023-24,98.10502864365654,1.128687831439251,0.7662835249042145,0.0,0.0,0.9830342190071157,0.9429196489079921,0.996644577438414,97.41994817845074
Canara HSBC,2023-24,97.88276343667935,1.345819592147265,0.6902151847340642,0.0812017864393016,0.0,0.9808070721709744,0.9319387941586013,0.996213450712563,96.96531056807129
Star Union,2023-24,96.96516295671636,1.3280097340467023,1.5562248995983934,0.1506024096385542,0.0,0.9716125111616973,0.9328394798264734,0.9911831407628174,96.52117105836628
PNB Met Life,2023-24,97.44415512557852,1.7523514246398264,0.8034934497816594,0.0,0.0,0.9764121192871712,0.9113795402334811,0.9964582590486616,96.14166395231047
Pramerica Life,2023-24,97.07220040850731,1.9831302257706795,0.8097165991902834,0.1349527665317139,0.0,0.9726850502484349,0.8997085231229801,0.9950775706868148,95.58237146860766
Axis Max Life,2023-24,97.10185463875294,2.54678575232559,0.3513596089214787,0.0,0.0,0.9729821922346592,0.871203161007329,0.9987221939923372,94.76358490781084
Bharti Axa,2023-24,96.47718182654452,2.530754681391997,0.992063492063492,0.0,0.0,0.9667228316435241,0.872013889298874,0.9955140468055786,94.47502559159922
SBI Life,2023-24,96.03794939240724,2.209309508027701,1.3725030601349064,0.307315675703831,0.1414723839839996,0.9623216249080052,0.8882701143075804,0.9603146777540094,93.69688056565316
Tata AIA,2023-24,96.01579182142108,3.1134260296129668,0.8396827865028766,0.0310993624630695,0.0,0.9620996011158447,0.8425468531518676,0.9959660573467152,93.35375038714758
HDFC Life,2023-24,95.70260978981555,3.793171235086674,0.4630582424367153,0.0411607326610413,0.0,0.9589614474645711,0.8081705677868769,0.9977512867046912,92.1627767318713
Kotak Mahindra,2023-24,94.59083082088873,3.69488346482558,1.5542857142857145,0.16,0.0,0.9478211747839801,0.8131412073900344,0.9910988747924018,91.73537523221387
LIC,2023-24,95.17630629272188,2.9693456522192747,1.0481818063473167,0.0325448793886769,0.2332137515658143,0.9536877693016969,0.8498333306862395,0.9450885851712894,91.62032283864085
Aditya Birla Sun Life,2023-24,94.4717159776148,3.926126661979112,1.506979695431472,0.0951776649746193,0.0,0.9466276175469168,0.8014467046998347,0.9919839699258569,91.3352764057536
India First,2023-24,93.82343052863322,4.215785157641278,1.7528223410576351,0.207961972667855,0.0,0.9401316530806296,0.7867980054150234,0.9896251379120651,90.55182654692393
Reliance Nippon,2023-24,94.3994155334014,4.340645628678118,1.0764525993883791,0.1345565749235474,0.1608209496450497,0.9459031510063753,0.7804835229462896,0.959391427593966,89.52593671822103
Bandhan,2023-24,94.14079374561334,5.520223203539217,0.3389830508474576,0.0,0.0,0.943311703139825,0.7208295599656896,0.998784166177947,88.7641809761154
Bajaj Allianz,2023-24,92.9141101732553,6.316087679401875,0.74279154568168,0.027010601661152,0.0,0.9310200607623289,0.6805808548423524,0.9964921009992672,86.9364338867983
Future Generali,2023-24,91.87630791213856,4.202123460410448,3.818369453044376,0.0,0.6138872780226868,0.9206210511565488,0.7874889090047734,0.8502237805889082,85.27779135834102
Ageas Federal,2023-24,89.03583440686361,7.453961511503735,3.1020408163265305,0.4081632653061224,0.0,0.8921588745232728,0.623035946475651,0.9808672872739933,83.2020702757639
Shriram,2023-24,80.17013579978234,17.91920063192434,1.0844306738962044,0.1549186676994578,0.0,0.8033226015344453,0.09378462771756799,0.9935023570560381,63.02031954360171
Bandhan,2024-25,99.79818275577892,-0.0721553585186285,0.273972602739726,0.0,0.0,1.0,0.9963509368288651,0.9991096879855936,99.84868749381529
PNB Met Life,2024-25,99.30313644470198,0.271256178103485,0.425607377194538,0.0,0.0,0.9950395257968935,0.9862819484265375,0.9983504188631773,99.32239643622029
Canara HSBC,2024-25,99.07870792312669,0.3471980689795231,0.5740940078937926,0.0,0.0,0.9927907020670617,0.9824413915665706,0.9976069131984185,99.09463356106836
Aviva,2024-25,98.45974230852826,0.6118757286070178,0.9283819628647214,0.0,0.0,0.9865885288660413,0.969056030869908,0.9958329144199682,98.38258247186393
Bharti Axa,2024-25,98.41119514391131,0.7734571342661241,0.815347721822542,0.0,0.0,0.9861020754730396,0.9608844859058756,0.9963989020656626,98.11284878148592
Edelweiss Life,2024-25,98.34453878852494,0.9411754971893488,0.7142857142857143,0.0,0.0,0.9854341639585636,0.9524025808356076,0.9969049420690063,97.82472289543924
Tata AIA,2024-25,98.37596822461472,1.0294182741610882,0.5712953247056081,0.0233181765185962,0.0,0.9857490939023953,0.9479399397486936,0.9973877450639176,97.70255929050022
Pramerica Life,2024-25,97.86688449544889,1.308939680375289,0.5494505494505495,0.1373626373626373,0.0,0.9806479616461934,0.9338038964956242,0.9963566821154357,97.02695134190846
ICICI Prudential,2024-25,98.0628446415162,1.2438865152754062,0.6610237807335752,0.0322450624748085,0.0379428183554061,0.9826115259181687,0.9370937853383281,0.9887438581568185,96.94830564711052
HDFC Life,2024-25,97.96074811117089,1.7199250096157783,0.2939834761011708,0.0253434031121699,0.0,0.9815884959638542,0.9130194189516451,0.9987560550501603,96.445465665522
Star Union,2024-25,96.9343911939406,1.90522753792844,1.077496891835889,0.0828843762950683,0.0,0.9713041712508288,0.9036482420152941,0.9942574189627331,95.64032774096188
Future Generali,2024-25,96.25370303119227,1.8273204229654847,1.4925373134328357,0.0,0.0243739626496773,0.9644835243817964,0.90758818479733,0.9878013079459477,95.3291005708358
Axis Max Life,2024-25,97.39249612407352,2.310841329572952,0.2966625463535228,0.0,0.0,0.9758944845960524,0.8831354155366865,0.9989960743792342,95.26753248373244
LIC,2024-25,96.07820487170162,1.5122522292066949,1.0513343903825398,0.5511537408265695,0.1399584976155304,0.962724993768868,0.9235219112155053,0.9598078559562723,94.86849203135486
India First,2024-25,95.98165721901194,2.2374469364117004,1.645979492714517,0.1349163518618456,0.0,0.9617575648034935,0.8868471395520744,0.9908905800822145,94.64984281459276
Aditya Birla Sun Life,2024-25,96.21556823892236,2.43244308005265,1.2576638893255778,0.0943247916994183,0.0,0.96410140527685,0.8769857340947125,0.993240878484326,94.4776005951963
Ageas Federal,2024-25,95.82731122738733,2.687972615407432,1.222707423580786,0.2620087336244541,0.0,0.9602109836197227,0.8640630151762054,0.9917390738825458,93.86710242261579
Kotak Mahindra,2024-25,95.87525149543283,2.7352658196590625,1.3253527148353996,0.0641299700726806,0.0,0.9606913557740215,0.8616712885820533,0.9932038936601545,93.85221793387431
SBI Life,2024-25,95.25640114007383,3.0883896227907286,1.165765645509355,0.3670826937195488,0.2902035430325987,0.9544903374962297,0.8438130020831213,0.9289803051018125,90.90945482270544
Bajaj Allianz,2024-25,93.04336340090327,6.247114816778009,0.6811409110259685,0.0283808712927486,0.0,0.9323152068669858,0.6840689718439956,0.9967870967755791,87.10570918288535
Reliance Nippon,2024-25,92.0356161690691,6.889885263595659,1.0506208213944603,0.0119388729703915,0.0303039295210377,0.9222173553429727,0.6515625854420678,0.9886279367805164,85.4135959188519
Shriram,2024-25,81.70904897082629,16.600926297104465,1.4014839241549877,0.1442704039571311,0.0,0.818742853973409,0.1604528062618068,0.9920212833829202,65.70723145393787
Godigit Life,2024-25,0.0,0.0,66.66666666666666,33.33333333333333,0.0,0.0,1.0,0.3333333333333333,44.44444444444444
